미래시나리오순위,학교명,학교급,구,동,학생수,도시개발영향점수,도시개발영향순위,적격성점수,적격성순위,미래시나리오점수,현행운영여부,영향사업수,영향사업목록,lat,lon
1,산흥초등학교,초,동구,산내동,54,0.0,126,0.9941,1,0.6959,Y,0,,36.228975,127.4483897
2,기성초등학교길헌분교장,초,서구,기성동,7,0.0,126,0.9764,2,0.6835,Y,0,,36.241768,127.3164705
3,남선초등학교,초,유성구,진잠동,44,0.0,126,0.9576,3,0.6703,Y,0,,36.2873073,127.2646541
4,기성초등학교,초,서구,기성동,33,0.0,126,0.942,4,0.6594,Y,0,,36.2487568,127.3380289
5,기성중학교,중,서구,기성동,29,0.0,126,0.9379,5,0.6565,,0,,36.2499908,127.3411563
6,대전둔곡중학교,중,유성구,구즉동,79,0.0,126,0.9268,6,0.6488,,0,,36.4534382,127.3646634
7,세천초등학교,초,동구,대청동,47,0.0,126,0.895,7,0.6265,Y,0,,36.3415266,127.4937835
8,산서초등학교,초,중구,산성동,57,0.0,126,0.8869,8,0.6208,Y,0,,36.2668849,127.4093374
9,대전옥계초등학교,초,중구,석교동,109,0.3774,36,0.722,38,0.6186,,7,옥계동2(4_조합설립); 호동(4_조합설립); 옥계동3(6_입안); 옥계동4(6_입안); 석교동(6_입안); 가오동1(3_사업시행); 가오동2(1_공사중),36.3009946,127.4483618
10,대전둔곡초등학교,초,유성구,구즉동,428,0.0,126,0.8831,9,0.6182,,0,,36.4534382,127.3646634
11,신탄중앙중학교,중,대덕구,덕암동,265,0.0413,114,0.8605,13,0.6147,,2,덕암동1(5_초기); 신탄진동1(6_입안),36.4413849,127.4243139
12,산내초등학교,초,동구,산내동,395,0.0,126,0.8755,10,0.6128,Y,0,,36.2792732,127.4700311
13,신탄진중학교,중,대덕구,석봉동,409,0.0413,114,0.855,14,0.6109,,2,덕암동1(5_초기); 신탄진동1(6_입안),36.4475861,127.4225837
14,장동초등학교,초,대덕구,회덕동,38,0.0,126,0.8679,11,0.6075,Y,0,,36.4148625,127.4358274
15,동명초등학교,초,동구,대청동,46,0.0,126,0.8663,12,0.6064,Y,0,,36.3741217,127.4742921
16,대전자운중학교,중,유성구,신성동,98,0.0,126,0.8495,15,0.5946,,0,,36.4118922,127.3382419
17,신탄진용정초등학교,초,대덕구,신탄진동,384,0.0265,120,0.8306,16,0.5894,Y,1,신탄진동1(6_입안),36.4540033,127.4358676
18,대전석봉초등학교,초,대덕구,신탄진동,84,0.0265,120,0.8274,17,0.5871,,1,신탄진동1(6_입안),36.4470316,127.4347803
19,새일초등학교,초,대덕구,덕암동,149,0.0,126,0.826,18,0.5782,,0,,36.4317546,127.4195224
20,대전흥룡초등학교,초,동구,가양2동,288,0.5593,14,0.5787,104,0.5729,,9,성남동1(1_공사중); 성남동3(4_조합설립); 가양동1(4_조합설립); 자양동2(4_조합설립); 가양동3(6_입안); 가양동8(6_입안); 비래동1(6_입안); 가양동5(3_사업시행); 가양동7(1_공사중),36.3451544,127.4480505
21,대전자운초등학교,초,유성구,신성동,357,0.0,126,0.8176,19,0.5723,,0,,36.4123998,127.3387617
22,대전목상초등학교,초,대덕구,목상동,161,0.0343,118,0.8021,20,0.5718,,1,덕암동1(5_초기),36.4457981,127.4126245
23,대전변동중학교,중,서구,변동,284,0.6608,7,0.5216,147,0.5634,,12,도마·변동1(1_공사중); 도마·변동2(4_조합설립); 도마·변동3(2_관리처분); 도마·변동4(3_사업시행); 도마·변동5(3_사업시행); 도마·변동6(2_관리처분); 도마·변동6-1(4_조합설립); 도마·변동16(4_조합설립); 변동A(4_조합설립); 내동1(5_초기); 변동B(6_입안); 도마동1(6_입안),36.3244764,127.3759137
24,신탄진초등학교,초,대덕구,석봉동,263,0.0607,106,0.7773,25,0.5623,,2,덕암동1(5_초기); 신탄진동1(6_입안),36.4494593,127.4223133
25,동대전중학교,중,동구,가양2동,140,0.2055,75,0.7119,42,0.56,,5,가양동1(4_조합설립); 자양동2(4_조합설립); 가양동3(6_입안); 가양동8(6_입안); 가양동7(1_공사중),36.3451364,127.4559046
26,회덕중학교,중,대덕구,회덕동,111,0.0051,124,0.7964,21,0.559,,2,연축주공(9_미정); 신대주공(6_입안),36.4009441,127.4256826
27,대전가오중학교,중,동구,효동,531,0.23,64,0.6956,48,0.5559,,5,판암2(5_초기); 호동(4_조합설립); 옥계동4(6_입안); 가오동1(3_사업시행); 가오동2(1_공사중),36.308569,127.4570942
28,동명중학교,중,중구,석교동,119,0.2261,65,0.6953,49,0.5545,,5,부사동4(3_사업시행); 부사동5(9_미정); 문창석교1(5_초기); 석교동(6_입안); 가오동2(1_공사중),36.3084918,127.438432
29,대전은어송중학교,중,동구,산내동,733,0.0647,102,0.7625,30,0.5532,,3,옥계동2(4_조합설립); 옥계동3(6_입안); 옥계동4(6_입안),36.3004121,127.4609474
30,대전대문중학교,중,중구,문화2동,78,0.2956,55,0.6632,67,0.5529,,9,문화동5(9_미정); 문화동7(9_미정); 문화동8(1_공사중); 산성동1(4_조합설립); 산성동2(3_사업시행); 유천동3(4_조합설립); 유천동2(6_입안); 문화동10(6_입안); 유천동2(중복)(6_입안),36.3079485,127.4007655
31,대전변동초등학교,초,서구,변동,152,1.0,1,0.3598,215,0.5519,,16,도마·변동1(1_공사중); 도마·변동2(4_조합설립); 도마·변동3(2_관리처분); 도마·변동4(3_사업시행); 도마·변동5(3_사업시행); 도마·변동6(2_관리처분); 도마·변동6-1(4_조합설립); 도마·변동16(4_조합설립); 변동A(4_조합설립); 변동B(6_입안); 가장동1(6_입안); 태평동5(2_관리처분); 태평동6(9_미정); 태평동7(9_미정); 태평동8(9_미정); 삼부4(9_미정),36.3250319,127.3857104
32,대전덕명중학교,중,유성구,학하동,494,0.0,126,0.7868,22,0.5508,,0,,36.3458099,127.3027397
33,대전송강중학교,중,유성구,구즉동,292,0.0,126,0.7857,23,0.55,,0,,36.4376479,127.3816676
34,대전삼육중학교,중,서구,도마2동,163,0.392,28,0.6173,88,0.5497,,6,도마·변동6-1(4_조합설립); 도마·변동9(1_공사중); 도마·변동12(3_사업시행); 도마·변동13(3_사업시행); 복수동2(2_관리처분); 정림동1(5_초기),36.3115181,127.3727877
35,대전가양중학교,중,동구,가양2동,391,0.2772,59,0.6663,62,0.5496,,8,자양동2(4_조합설립); 가양동3(6_입안); 가양동8(6_입안); 송촌동1(6_입안); 비래동1(6_입안); 비래동3(6_입안); 가양동5(3_사업시행); 가양동7(1_공사중),36.3508171,127.4486567
36,와동초등학교,초,대덕구,회덕동,170,0.0051,124,0.7782,24,0.5463,,2,연축주공(9_미정); 신대주공(6_입안),36.3971876,127.4222878
37,구즉초등학교,초,유성구,구즉동,418,0.0,126,0.777,26,0.5439,Y,0,,36.4407059,127.3822122
38,성덕중학교,중,유성구,신성동,257,0.0,126,0.7749,27,0.5424,,0,,36.3866583,127.3448873
39,대전보운초등학교,초,중구,부사동,115,0.3901,29,0.6024,90,0.5387,,8,대사동1(3_사업시행); 대사동4(9_미정); 대흥동1(4_조합설립); 대흥2(1_공사중); 부사동4(3_사업시행); 부사동5(9_미정); 문창동2(4_조합설립); 문창석교1(5_초기),36.3143908,127.4318082
40,진잠중학교,중,유성구,진잠동,209,0.0,126,0.769,28,0.5383,,0,,36.2969898,127.3184051
41,동신중학교,중,동구,판암2동,71,0.054,112,0.7436,33,0.5367,,2,판암2(5_초기); 판암6(5_초기),36.3200355,127.459643
42,학하초등학교,초,유성구,학하동,156,0.0,126,0.766,29,0.5362,,0,,36.3343471,127.3122319
43,대전대성여자중학교,중,동구,가양1동,184,0.4161,25,0.5836,102,0.5334,,7,대동4·8(3_사업시행); 성남동3(4_조합설립); 중앙1(2_관리처분); 대전역복합2(3_사업시행); 대전역삼성4(2_관리처분); 신안1(5_초기); 가양동1(4_조합설립),36.3368783,127.4416481
44,한밭중학교,중,동구,삼성동,74,0.6162,10,0.497,164,0.5328,,10,중앙1(2_관리처분); 대전역복합2(3_사업시행); 대전역삼성4(2_관리처분); 삼성1(3_사업시행); 삼성3(5_초기); 삼성6(4_조합설립); 선화1-A(5_초기); 선화2(2_관리처분); 은행1(3_사업시행); 삼성동1(3_사업시행),36.3351481,127.4264779
45,덕송초등학교,초,유성구,학하동,157,0.0,126,0.7572,31,0.53,,0,,36.3611802,127.3019117
45,대전문지중학교,중,유성구,전민동,190,0.0,126,0.7572,31,0.53,,0,,36.3968298,127.3990807
47,대전새여울초등학교,초,대덕구,석봉동,881,0.0607,106,0.73,37,0.5292,,2,덕암동1(5_초기); 신탄진동1(6_입안),36.4517219,127.4224192
48,우송중학교,중,동구,자양동,189,0.3719,37,0.5874,100,0.5228,,6,대동4·8(3_사업시행); 중앙1(2_관리처분); 대전역복합2(3_사업시행); 대전역삼성4(2_관리처분); 신안1(5_초기); 가양동1(4_조합설립),36.3348585,127.4433667
49,동대전초등학교,초,동구,가양2동,401,0.3618,40,0.5912,98,0.5224,,8,가양동3(6_입안); 가양동8(6_입안); 송촌동1(6_입안); 비래동1(6_입안); 비래동2(6_입안); 비래동3(6_입안); 가양동5(3_사업시행); 가양동7(1_공사중),36.3519283,127.4492505
50,대전두리중학교,중,유성구,구즉동,468,0.0,126,0.7432,34,0.5202,,0,,36.428809,127.3820834
51,청란여자중학교,중,중구,부사동,20,0.1771,81,0.6671,60,0.5201,,6,대사동1(3_사업시행); 대사동4(9_미정); 대흥동1(4_조합설립); 부사동4(3_사업시행); 부사동5(9_미정); 문창석교1(5_초기),36.3109466,127.4296172
52,동방여자중학교,중,서구,복수동,297,0.3622,39,0.5866,101,0.5193,,5,도마·변동9(1_공사중); 도마·변동12(3_사업시행); 도마·변동13(3_사업시행); 복수동2(2_관리처분); 정림동1(5_초기),36.3063449,127.3744993
53,대전신일중학교,중,중구,부사동,300,0.1757,82,0.6664,61,0.5192,,5,대사동1(3_사업시행); 부사동4(3_사업시행); 부사동5(9_미정); 문창석교1(5_초기); 석교동(6_입안),36.3091404,127.4345299
54,금성초등학교,초,유성구,신성동,338,0.0,126,0.7385,35,0.517,,0,,36.3893002,127.3500818
55,대전새미래중학교,중,유성구,노은3동,406,0.0,126,0.7324,36,0.5127,,0,,36.3792504,127.3050716
56,대전유천초등학교,초,서구,도마2동,485,0.7199,4,0.42,201,0.51,,9,도마·변동5(3_사업시행); 도마·변동6(2_관리처분); 도마·변동6-1(4_조합설립); 도마·변동9(1_공사중); 도마·변동12(3_사업시행); 도마·변동13(3_사업시행); 도마·변동16(4_조합설립); 복수동2(2_관리처분); 정림동1(5_초기),36.3141096,127.3754395
57,대전은어송초등학교,초,동구,산내동,836,0.2041,76,0.6406,78,0.5096,,5,옥계동2(4_조합설립); 호동(4_조합설립); 옥계동3(6_입안); 옥계동4(6_입안); 가오동1(3_사업시행),36.3024663,127.4568136
58,대전대문초등학교,초,중구,문화2동,156,0.4013,26,0.5556,118,0.5093,,9,문화동5(9_미정); 문화동7(9_미정); 문화동8(1_공사중); 산성동1(4_조합설립); 산성동2(3_사업시행); 유천동3(4_조합설립); 유천동2(6_입안); 문화동10(6_입안); 유천동2(중복)(6_입안),36.3068833,127.4004173
59,대전석교초등학교,초,중구,석교동,163,0.3534,41,0.5754,109,0.5088,,6,호동(4_조합설립); 문창석교1(5_초기); 옥계동3(6_입안); 석교동(6_입안); 가오동1(3_사업시행); 가오동2(1_공사중),36.3086634,127.4462254
60,대전장대중학교,중,유성구,온천2동,230,0.1656,84,0.655,69,0.5082,,3,장대A(5_초기); 장대B(2_관리처분); 장대C(5_초기),36.3605249,127.3387996
61,대전문창초등학교,초,중구,부사동,117,0.3901,29,0.5504,127,0.5023,,7,대사동1(3_사업시행); 대흥동1(4_조합설립); 대흥2(1_공사중); 부사동4(3_사업시행); 부사동5(9_미정); 문창동2(4_조합설립); 문창석교1(5_초기),36.3173655,127.4338246
62,대전계산초등학교,초,유성구,학하동,708,0.0,126,0.7168,39,0.5018,Y,0,,36.3438972,127.2993032
63,대전정림중학교,중,서구,정림동,138,0.0,126,0.7166,40,0.5016,,0,,36.2935839,127.3609965
64,대전외삼중학교,중,유성구,노은3동,827,0.0,126,0.7135,41,0.4994,,0,,36.3940423,127.3101903
65,문지초등학교,초,유성구,전민동,339,0.0,126,0.7115,43,0.498,,0,,36.395831,127.3994116
66,진잠초등학교,초,유성구,진잠동,287,0.0,126,0.7102,44,0.4971,Y,0,,36.2991072,127.3151578
67,대전대신중학교,중,서구,복수동,438,0.3477,45,0.5607,113,0.4968,,5,산성동2(3_사업시행); 도마·변동9(1_공사중); 도마·변동12(3_사업시행); 복수동2(2_관리처분); 산성동3(6_입안),36.3092541,127.3810682
68,대전용운중학교,중,동구,용운동,405,0.0,126,0.7061,45,0.4943,,0,,36.3253321,127.4650305
69,대전버드내중학교,중,서구,도마1동,771,0.6509,8,0.4265,198,0.4938,,11,산성동2(3_사업시행); 도마·변동4(3_사업시행); 도마·변동5(3_사업시행); 도마·변동6(2_관리처분); 도마·변동6-1(4_조합설립); 도마·변동9(1_공사중); 도마·변동12(3_사업시행); 도마·변동16(4_조합설립); 복수동2(2_관리처분); 산성동3(6_입안); 삼부4(9_미정),36.3167368,127.3832698
70,대전동화중학교,중,유성구,관평동,660,0.0,126,0.705,46,0.4935,,0,,36.4226468,127.3895368
71,대전문화여자중학교,중,중구,문화1동,146,0.2985,54,0.576,107,0.4927,,9,대사동3(9_미정); 문화동5(9_미정); 문화동7(9_미정); 문화동8(1_공사중); 문화2(1_공사중); 유천동1(5_초기); 문화동10(6_입안); 문화동2(9_미정); 문화동6(5_초기),36.3129522,127.4101816
72,대전송강초등학교,초,유성구,구즉동,289,0.0,126,0.7031,47,0.4922,,0,,36.4342453,127.384204
73,중리중학교,중,대덕구,중리동,115,0.1807,80,0.6194,86,0.4878,,4,대화동1(2_관리처분); 대화동4(4_조합설립); 법동2(3_사업시행); 중리주공2(9_미정),36.3665971,127.4274172
74,대전가오초등학교,초,동구,효동,456,0.2153,69,0.604,89,0.4874,,3,판암2(5_초기); 가오동1(3_사업시행); 가오동2(1_공사중),36.3109093,127.4584142
75,대전봉산중학교,중,서구,변동,137,0.331,47,0.5534,121,0.4867,,7,도마·변동1(1_공사중); 도마·변동4(3_사업시행); 변동A(4_조합설립); 내동1(5_초기); 내동2(4_조합설립); 변동B(6_입안); 도마동1(6_입안),36.3304754,127.3735491
76,대전자양초등학교,초,동구,자양동,81,0.4508,19,0.501,161,0.4859,,6,대동4·8(3_사업시행); 중앙1(2_관리처분); 대전역복합2(3_사업시행); 대전역삼성4(2_관리처분); 신안1(5_초기); 가양동1(4_조합설립),36.3335584,127.4428747
77,외삼초등학교,초,유성구,노은3동,580,0.0,126,0.6924,50,0.4847,,0,,36.3928996,127.3105126
78,대전성남초등학교,초,동구,성남동,309,0.6419,9,0.4172,202,0.4846,,10,성남동1(1_공사중); 성남동3(4_조합설립); 대전역삼성4(2_관리처분); 삼성3(5_초기); 삼성6(4_조합설립); 삼성7(5_초기); 홍도동3(6_입안); 가양동5(3_사업시행); 삼성동1(3_사업시행); 홍도동2(3_사업시행),36.3439503,127.4295994
79,대전관평중학교,중,유성구,관평동,796,0.0,126,0.6922,51,0.4845,,0,,36.4245116,127.3876376
80,대전전민중학교,중,유성구,전민동,638,0.0,126,0.6898,52,0.4829,,0,,36.4014675,127.4055557
80,대전지족중학교,중,유성구,노은2동,520,0.0,126,0.6898,52,0.4829,,0,,36.3778461,127.3210215
82,대전도마중학교,중,서구,도마2동,174,0.3836,32,0.5251,146,0.4826,,8,도마·변동4(3_사업시행); 도마·변동5(3_사업시행); 도마·변동6-1(4_조합설립); 도마·변동12(3_사업시행); 도마·변동13(3_사업시행); 도마·변동16(4_조합설립); 변동B(6_입안); 도마동1(6_입안),36.3188315,127.3718715
83,대전동산중학교,중,중구,문화1동,267,0.38,34,0.5264,145,0.4825,,13,문화동5(9_미정); 문화동7(9_미정); 문화동8(1_공사중); 문화2(1_공사중); 유천동1(5_초기); 유천동3(4_조합설립); 유천동2(6_입안); 문화동10(6_입안); 유천동2(중복)(6_입안); 문화동2(9_미정); 문화동6(5_초기); 태평동3(6_입안); 오류동삼성(9_미정),36.3153785,127.4051186
84,대전체육중학교,중,유성구,원신흥동,135,0.0,126,0.6886,54,0.482,,0,,36.3362651,127.3423687
85,대전가양초등학교,초,동구,가양1동,386,0.6649,6,0.4034,205,0.4818,,9,성남동1(1_공사중); 성남동3(4_조합설립); 중앙1(2_관리처분); 대전역복합2(3_사업시행); 대전역삼성4(2_관리처분); 가양동1(4_조합설립); 자양동2(4_조합설립); 가양동3(6_입안); 가양동5(3_사업시행),36.3421995,127.4405406
86,가수원중학교,중,서구,가수원동,143,0.0,126,0.6851,55,0.4796,,0,,36.2982823,127.3548124
87,한밭여자중학교,중,동구,대동,372,0.1293,88,0.6282,81,0.4785,,3,대동4·8(3_사업시행); 신안1(5_초기); 신흥동5(5_초기),36.3299454,127.4489263
88,대전삼성초등학교,초,동구,삼성동,126,0.7315,3,0.3679,211,0.477,,10,중앙1(2_관리처분); 대전역복합2(3_사업시행); 대전역삼성4(2_관리처분); 삼성1(3_사업시행); 삼성3(5_초기); 삼성6(4_조합설립); 선화2(2_관리처분); 은행1(3_사업시행); 홍도동3(6_입안); 삼성동1(3_사업시행),36.3371425,127.4289027
89,대전동서초등학교,초,동구,삼성동,152,0.5965,12,0.4254,199,0.4767,,10,삼성1(3_사업시행); 삼성3(5_초기); 삼성5(4_조합설립); 삼성6(4_조합설립); 삼성7(5_초기); 선화2(2_관리처분); 은행1(3_사업시행); 홍도동3(6_입안); 삼성동1(3_사업시행); 홍도동2(3_사업시행),36.3410683,127.4225243
90,보문중학교,중,동구,삼성동,248,0.4323,21,0.4945,165,0.4758,,9,삼성1(3_사업시행); 삼성3(5_초기); 삼성5(4_조합설립); 삼성6(4_조합설립); 삼성7(5_초기); 선화1-A(5_초기); 선화2(2_관리처분); 은행1(3_사업시행); 삼성동1(3_사업시행),36.3365961,127.4239609
91,대전송림초등학교,초,유성구,노은2동,184,0.0,126,0.6793,56,0.4755,,0,,36.3888958,127.3323062
92,대전하기중학교,중,유성구,노은2동,494,0.0,126,0.6757,57,0.473,,0,,36.3858474,127.3223229
93,대전삼육초등학교,초,서구,도마2동,511,0.4703,17,0.4737,176,0.4727,,6,도마·변동6-1(4_조합설립); 도마·변동9(1_공사중); 도마·변동12(3_사업시행); 도마·변동13(3_사업시행); 복수동2(2_관리처분); 정림동1(5_초기),36.3115181,127.3727877
94,대전교촌초등학교,초,유성구,진잠동,279,0.0,126,0.6735,58,0.4714,,0,,36.306002,127.3167901
95,대전수미초등학교,초,서구,정림동,61,0.0,126,0.672,59,0.4704,,0,,36.2953352,127.3615389
96,대전문화초등학교,초,중구,문화2동,200,0.6028,11,0.4133,203,0.4702,,12,문화동5(9_미정); 문화동7(9_미정); 문화동8(1_공사중); 문화2(1_공사중); 산성동1(4_조합설립); 산성동2(3_사업시행); 유천동1(5_초기); 유천동3(4_조합설립); 산성동3(6_입안); 유천동2(6_입안); 문화동10(6_입안); 유천동2(중복)(6_입안),36.3113812,127.3969643
97,대전두리초등학교,초,유성구,구즉동,491,0.0,126,0.6653,63,0.4657,,0,,36.428809,127.3820834
98,대전관평초등학교,초,유성구,관평동,414,0.0,126,0.665,64,0.4655,,0,,36.4245116,127.3876376
99,대전수정초등학교,초,유성구,노은1동,146,0.0,126,0.6648,65,0.4654,,0,,36.3661138,127.3134568
100,대전배울초등학교,초,유성구,관평동,568,0.0,126,0.6645,66,0.4651,,0,,36.4218889,127.3841009
101,대전구봉중학교,중,서구,관저2동,687,0.0,126,0.6632,67,0.4642,,0,,36.3004178,127.3301551
102,회덕초등학교,초,대덕구,회덕동,112,0.1003,94,0.6198,85,0.464,,3,대화동4(4_조합설립); 법동2(3_사업시행); 중리주공2(9_미정),36.374445,127.4214085
103,대전보성초등학교,초,중구,문화2동,190,0.4364,20,0.4751,175,0.4635,,8,문화동8(1_공사중); 산성동1(4_조합설립); 산성동2(3_사업시행); 유천동3(4_조합설립); 산성동3(6_입안); 유천동2(6_입안); 문화동10(6_입안); 유천동2(중복)(6_입안),36.3066382,127.3964886
104,대덕중학교,중,유성구,신성동,529,0.0228,123,0.6469,75,0.4597,,1,도룡동2(5_초기),36.3791884,127.3771598
105,대덕초등학교도룡분교장,초,유성구,신성동,60,0.0,126,0.6543,70,0.458,,0,,36.3787207,127.3913403
106,대전대정초등학교,초,유성구,진잠동,260,0.0,126,0.6532,71,0.4572,,0,,36.3152767,127.3232795
107,대전동화초등학교,초,유성구,관평동,688,0.0,126,0.6515,72,0.456,,0,,36.4226468,127.3895368
108,대전대화중학교,중,대덕구,오정동,205,0.2203,66,0.5561,117,0.4554,,5,대화동1(2_관리처분); 대화동2(3_사업시행); 대화동3(5_초기); 대화동4(4_조합설립); 소라(9_미정),36.3615056,127.4144954
109,대전대신초등학교,초,중구,대사동,44,0.3018,51,0.5199,149,0.4545,,6,대사동1(3_사업시행); 대사동3(9_미정); 대사동4(9_미정); 대흥동1(4_조합설립); 대흥2(1_공사중); 부사동4(3_사업시행),36.3156991,127.4208517
110,대전하기초등학교,초,유성구,노은2동,348,0.0,126,0.6488,73,0.4542,,0,,36.388574,127.3215859
111,대전용운초등학교,초,동구,용운동,442,0.0,126,0.6484,74,0.4539,,0,,36.3262366,127.4637546
112,대전법동중학교,중,대덕구,법2동,364,0.057,108,0.6235,82,0.4536,,2,법동2(3_사업시행); 중리주공2(9_미정),36.3667155,127.4333447
113,대전비래초등학교,초,대덕구,비래동,217,0.0564,111,0.6206,83,0.4513,,2,비래동2(6_입안); 비래동3(6_입안),36.361626,127.4512659
114,대전매봉중학교,중,대덕구,송촌동,656,0.057,108,0.6189,87,0.4503,,2,법동2(3_사업시행); 중리주공2(9_미정),36.3693507,127.4360113
115,대전노은중학교,중,유성구,노은1동,803,0.0,126,0.641,76,0.4487,,0,,36.369988,127.3243216
116,대전전민초등학교,초,유성구,전민동,985,0.0,126,0.6409,77,0.4486,,0,,36.3985633,127.4069267
117,대전태평중학교,중,중구,태평1동,532,0.3062,50,0.5075,156,0.4471,,10,용두동2(2_관리처분); 태평동2(4_조합설립); 오류동1(3_사업시행); 가장동1(6_입안); 태평동3(6_입안); 태평동5(2_관리처분); 태평동6(9_미정); 태평동7(9_미정); 태평동8(9_미정); 삼부4(9_미정),36.3294894,127.3973928
118,대전신평초등학교,초,중구,태평2동,314,0.7976,2,0.2939,224,0.445,,12,도마·변동1(1_공사중); 도마·변동2(4_조합설립); 도마·변동3(2_관리처분); 도마·변동4(3_사업시행); 도마·변동5(3_사업시행); 도마·변동6(2_관리처분); 가장동1(6_입안); 태평동5(2_관리처분); 태평동6(9_미정); 태평동7(9_미정); 태평동8(9_미정); 삼부4(9_미정),36.3234302,127.3897213
119,대전대암초등학교,초,동구,판암2동,91,0.1174,91,0.5835,103,0.4437,,3,판암2(5_초기); 판암6(5_초기); 신흥동5(5_초기),36.323431,127.4571693
120,대전봉우중학교,중,서구,관저2동,729,0.0,126,0.6329,79,0.443,,0,,36.2987466,127.3326745
121,대전도안중학교,중,서구,도안동,941,0.0,126,0.6322,80,0.4425,,0,,36.3181204,127.3451717
122,대덕초등학교,초,유성구,신성동,641,0.0255,122,0.6203,84,0.4419,,1,도룡동2(5_초기),36.3850882,127.3817273
123,대전신계중학교,중,서구,복수동,536,0.0897,99,0.5909,99,0.4405,,1,복수동2(2_관리처분),36.3019711,127.377418
124,대전판암초등학교,초,동구,판암1동,285,0.0701,101,0.5977,93,0.4394,,2,판암2(5_초기); 판암6(5_초기),36.3159027,127.4605179
125,유성초등학교,초,유성구,온천2동,108,0.2183,67,0.5307,142,0.437,,3,장대A(5_초기); 장대B(2_관리처분); 장대C(5_초기),36.3624162,127.3337025
126,대전경덕중학교,중,대덕구,오정동,227,0.1249,89,0.5639,111,0.4322,,5,삼성5(4_조합설립); 삼성7(5_초기); 오정동1(9_미정); 홍도동3(6_입안); 홍도동2(3_사업시행),36.349831,127.4230613
127,대전복수초등학교,초,서구,복수동,702,0.429,23,0.4309,195,0.4303,,5,도마·변동9(1_공사중); 도마·변동12(3_사업시행); 도마·변동13(3_사업시행); 복수동2(2_관리처분); 정림동1(5_초기),36.3082137,127.3768451
128,대전송촌중학교,중,대덕구,송촌동,739,0.0488,113,0.5921,95,0.4291,,3,송촌동1(6_입안); 비래동2(6_입안); 비래동3(6_입안),36.3639866,127.4433377
129,대전장대초등학교,초,유성구,온천2동,315,0.2183,67,0.5187,150,0.4286,,3,장대A(5_초기); 장대B(2_관리처분); 장대C(5_초기),36.3615475,127.3395598
130,대전도마초등학교,초,서구,도마1동,451,0.3673,38,0.4534,182,0.4276,,7,도마·변동4(3_사업시행); 도마·변동6-1(4_조합설립); 도마·변동16(4_조합설립); 변동A(4_조합설립); 내동1(5_초기); 변동B(6_입안); 도마동1(6_입안),36.3242933,127.3719168
131,대전동광초등학교,초,동구,자양동,112,0.1814,79,0.5323,141,0.427,,3,대동4·8(3_사업시행); 가양동1(4_조합설립); 자양동2(4_조합설립),36.3372049,127.4499
132,대전중앙중학교,중,중구,중촌동,276,0.2531,61,0.4996,163,0.4256,,6,삼성1(3_사업시행); 삼성3(5_초기); 삼성5(4_조합설립); 삼성7(5_초기); 선화2(2_관리처분); 중촌시영(9_미정),36.3381487,127.4151938
133,대전내동초등학교,초,서구,내동,705,0.698,5,0.3025,223,0.4212,,10,도마·변동1(1_공사중); 도마·변동2(4_조합설립); 도마·변동3(2_관리처분); 도마·변동4(3_사업시행); 변동A(4_조합설립); 내동1(5_초기); 내동2(4_조합설립); 변동B(6_입안); 가장동1(6_입안); 도마동1(6_입안),36.3311179,127.3792468
134,대전관저중학교,중,서구,관저1동,828,0.0,126,0.5997,91,0.4198,,0,,36.3056354,127.3397644
135,대전느리울중학교,중,서구,관저2동,760,0.0,126,0.5989,92,0.4192,,0,,36.2973786,127.3395222
136,대전문성초등학교,초,중구,산성동,108,0.3945,27,0.4284,196,0.4182,,7,산성동1(4_조합설립); 산성동2(3_사업시행); 유천동3(4_조합설립); 도마·변동9(1_공사중); 산성동3(6_입안); 유천동2(6_입안); 유천동2(중복)(6_입안),36.3088516,127.3904473
137,대전원신흥초등학교,초,유성구,원신흥동,243,0.0,126,0.5962,94,0.4173,,0,,36.3409794,127.3425185
138,대전중원초등학교,초,대덕구,중리동,228,0.2136,71,0.5045,159,0.4172,,4,대화동1(2_관리처분); 대화동4(4_조합설립); 법동2(3_사업시행); 중리주공2(9_미정),36.3656424,127.4275356
138,대전중학교,중,중구,대흥동,299,0.3169,49,0.4602,179,0.4172,,8,대사동1(3_사업시행); 대사동3(9_미정); 대사동4(9_미정); 대흥동1(4_조합설립); 대흥2(1_공사중); 부사동4(3_사업시행); 선화1-A(5_초기); 문창동2(4_조합설립),36.3209574,127.4254236
140,대전글꽃중학교,중,중구,문화1동,890,0.3497,43,0.445,189,0.4164,,11,대사동3(9_미정); 문화동5(9_미정); 문화동7(9_미정); 문화동8(1_공사중); 문화2(1_공사중); 오류동1(3_사업시행); 유천동1(5_초기); 문화동2(9_미정); 문화동6(5_초기); 태평동3(6_입안); 오류동삼성(9_미정),36.3186225,127.4086577
141,대전대룡초등학교,초,동구,용운동,267,0.0927,97,0.5535,120,0.4153,,1,대동4·8(3_사업시행),36.3299141,127.4558657
142,대전용산초등학교,초,유성구,관평동,1126,0.0,126,0.5918,96,0.4143,,0,,36.4201335,127.3950763
143,봉암초등학교,초,유성구,온천2동,37,0.0,126,0.5914,97,0.414,,0,,36.3640974,127.3476616
144,대전법동초등학교,초,대덕구,법2동,289,0.0639,103,0.5591,115,0.4105,,2,법동2(3_사업시행); 중리주공2(9_미정),36.3693345,127.4325902
145,대전송촌초등학교,초,대덕구,송촌동,531,0.0905,98,0.5451,133,0.4087,,3,송촌동1(6_입안); 비래동2(6_입안); 비래동3(6_입안),36.3648913,127.4440778
146,대전중리초등학교,초,대덕구,법1동,360,0.2136,71,0.4894,171,0.4067,,4,대화동1(2_관리처분); 대화동4(4_조합설립); 법동2(3_사업시행); 중리주공2(9_미정),36.3675607,127.4272541
147,대전반석초등학교,초,유성구,노은3동,1030,0.0,126,0.5782,105,0.4047,,0,,36.3899585,127.3131023
148,유성중학교,중,유성구,상대동,892,0.0,126,0.5772,106,0.404,,0,,36.34583,127.3347128
149,대전어은중학교,중,유성구,온천2동,505,0.0,126,0.5759,108,0.4031,,0,,36.3656666,127.352819
150,대전양지초등학교,초,대덕구,법2동,178,0.0639,103,0.5461,132,0.4014,,2,법동2(3_사업시행); 중리주공2(9_미정),36.3656527,127.4334862
151,대전신계초등학교,초,서구,복수동,617,0.0989,95,0.5306,143,0.4011,,1,복수동2(2_관리처분),36.3019821,127.3778077
152,대전매봉초등학교,초,대덕구,송촌동,465,0.0639,103,0.5451,133,0.4007,,1,법동2(3_사업시행),36.3695187,127.4372248
153,대전새미래초등학교,초,유성구,노은3동,948,0.0,126,0.5678,110,0.3975,,0,,36.3792934,127.3031653
154,대전서부초등학교,초,서구,변동,404,0.1135,92,0.5184,151,0.3969,,3,내동1(5_초기); 내동2(4_조합설립); 도마동1(6_입안),36.3333627,127.3690371
155,대전현암초등학교,초,동구,삼성동,113,0.3861,31,0.401,207,0.3965,,8,삼성1(3_사업시행); 삼성3(5_초기); 삼성5(4_조합설립); 삼성6(4_조합설립); 삼성7(5_초기); 홍도동3(6_입안); 삼성동1(3_사업시행); 홍도동2(3_사업시행),36.3418691,127.4203907
156,대전정림초등학교,초,서구,정림동,444,0.0308,119,0.5528,123,0.3962,,1,정림동1(5_초기),36.3036623,127.3665373
157,대전용전중학교,중,대덕구,중리동,271,0.0,126,0.5638,112,0.3947,,1,오정동1(9_미정),36.356718,127.4252389
158,대전대흥초등학교,초,중구,대흥동,388,0.3785,35,0.4015,206,0.3946,,8,대사동1(3_사업시행); 대사동3(9_미정); 대사동4(9_미정); 대흥동1(4_조합설립); 대흥2(1_공사중); 부사동4(3_사업시행); 선화1-A(5_초기); 문창동2(4_조합설립),36.3198058,127.4258441
159,대전대성중학교,중,중구,목동,447,0.2061,74,0.4737,176,0.3934,,6,용두동3(4_조합설립); 용두동2(2_관리처분); 태평동2(4_조합설립); 오류동1(3_사업시행); 오류동삼성(9_미정); 중촌시영(9_미정),36.3325318,127.4074387
160,대전지족초등학교,초,유성구,노은2동,426,0.0,126,0.5607,113,0.3925,,0,,36.3805555,127.3172754
161,대전서중학교,중,서구,괴정동,161,0.1072,93,0.514,153,0.392,,3,변동A(4_조합설립); 내동1(5_초기); 내동2(4_조합설립),36.3357952,127.3740189
162,대전내동중학교,중,서구,변동,498,0.1209,90,0.507,157,0.3912,,4,변동A(4_조합설립); 내동1(5_초기); 내동2(4_조합설립); 도마동1(6_입안),36.3323785,127.370415
163,대전대화초등학교,초,대덕구,대화동,109,0.277,60,0.4389,191,0.3903,,5,대화동1(2_관리처분); 대화동2(3_사업시행); 대화동3(5_초기); 대화동4(4_조합설립); 소라(9_미정),36.3625262,127.4112898
164,대전복용초등학교,초,유성구,상대동,802,0.0,126,0.5569,116,0.3898,,0,,36.3350119,127.3276981
165,대전만년중학교,중,서구,만년동,250,0.0,126,0.5554,119,0.3888,,0,,36.3670425,127.3759751
166,대전도안초등학교,초,서구,도안동,934,0.0,126,0.553,122,0.3871,,0,,36.3217137,127.344685
167,오정중학교,중,대덕구,오정동,92,0.0,126,0.5524,124,0.3867,,0,,36.3510997,127.4078997
168,대전구봉초등학교,초,서구,관저2동,586,0.0,126,0.5522,125,0.3865,,0,,36.2997236,127.3301054
169,대전원신흥중학교,중,유성구,원신흥동,1010,0.0,126,0.5519,126,0.3863,,0,,36.3332893,127.3453455
170,대전선암초등학교,초,서구,관저2동,401,0.0,126,0.5496,128,0.3847,,0,,36.2975283,127.3340098
171,대전상원초등학교,초,유성구,상대동,746,0.0,126,0.5493,129,0.3845,,0,,36.3424244,127.3333047
172,대전금동초등학교,초,서구,관저2동,672,0.0,126,0.5488,130,0.3842,,0,,36.2981969,127.3262661
173,대전동문초등학교,초,중구,문화1동,186,0.4263,24,0.3658,212,0.384,,10,문화동5(9_미정); 문화동7(9_미정); 문화동8(1_공사중); 문화2(1_공사중); 유천동1(5_초기); 유천동2(6_입안); 문화동10(6_입안); 유천동2(중복)(6_입안); 문화동2(9_미정); 문화동6(5_초기),36.3140992,127.4070326
174,대전산성초등학교,초,중구,산성동,327,0.0,126,0.5481,131,0.3837,,0,,36.2990113,127.3854134
175,호수돈여자중학교,중,중구,은행선화동,324,0.2117,73,0.4569,181,0.3833,,6,용두동3(4_조합설립); 선화1-A(5_초기); 선화2(2_관리처분); 오류동1(3_사업시행); 문화동2(9_미정); 오류동삼성(9_미정),36.3265502,127.413465
176,대전상지초등학교,초,유성구,노은1동,466,0.0,126,0.5421,135,0.3795,,0,,36.3753649,127.322113
177,대전봉명중학교,중,유성구,원신흥동,642,0.0,126,0.5394,136,0.3776,,0,,36.349652,127.3446292
178,대전천동초등학교,초,동구,효동,951,0.3489,44,0.3896,208,0.3774,,6,판암6(5_초기); 신흥동5(5_초기); 문창동2(4_조합설립); 문창석교1(5_초기); 석교동(6_입안); 가오동2(1_공사중),36.3161208,127.4451593
179,대전대동초등학교,초,동구,대동,232,0.215,70,0.4468,187,0.3773,,4,대동4·8(3_사업시행); 신안1(5_초기); 판암6(5_초기); 신흥동5(5_초기),36.3251324,127.4468997
180,대전느리울초등학교,초,서구,관저2동,591,0.0,126,0.5382,137,0.3767,,0,,36.2985384,127.3439214
181,대전남선중학교,중,서구,월평2동,160,0.0,126,0.5375,138,0.3762,,0,,36.3632381,127.372306
182,가수원초등학교,초,서구,가수원동,258,0.0,126,0.5368,139,0.3758,,0,,36.3031409,127.3533137
183,대전노은초등학교,초,유성구,노은1동,686,0.0,126,0.5352,140,0.3746,,0,,36.368934,127.3212215
184,대전월평중학교,중,서구,월평1동,197,0.0,126,0.5297,144,0.3708,,0,,36.3565812,127.3678135
185,대전여자중학교,중,중구,대흥동,469,0.3347,46,0.3845,209,0.3696,,5,대흥동1(4_조합설립); 대흥2(1_공사중); 선화1-A(5_초기); 선화2(2_관리처분); 은행1(3_사업시행),36.3248732,127.4263304
186,대전가장초등학교,초,서구,가장동,493,0.5718,13,0.28,229,0.3675,,10,도마·변동1(1_공사중); 도마·변동2(4_조합설립); 도마·변동3(2_관리처분); 변동A(4_조합설립); 가장동1(6_입안); 태평동5(2_관리처분); 태평동6(9_미정); 태평동7(9_미정); 태평동8(9_미정); 삼부4(9_미정),36.3305,127.3887528
187,대전죽동초등학교,초,유성구,온천2동,818,0.0,126,0.5202,148,0.3641,,0,,36.370421,127.3356513
188,대전선유초등학교,초,서구,관저2동,835,0.0,126,0.5174,152,0.3622,,0,,36.2949457,127.341235
189,충남중학교,중,동구,신인동,792,0.1584,86,0.4475,185,0.3608,,4,대동4·8(3_사업시행); 신안1(5_초기); 판암6(5_초기); 신흥동5(5_초기),36.3245875,127.4440635
190,대전원신흥초등학교복용분교장,초,유성구,상대동,669,0.0,126,0.513,154,0.3591,Y,0,,36.346743,127.3303713
191,대전관저초등학교,초,서구,관저1동,331,0.0,126,0.5101,155,0.3571,,0,,36.3065734,127.3398901
192,대전화정초등학교,초,대덕구,오정동,152,0.2406,63,0.4048,204,0.3555,,4,대화동1(2_관리처분); 대화동2(3_사업시행); 대화동3(5_초기); 소라(9_미정),36.3573291,127.4118971
193,대전상대초등학교,초,유성구,상대동,634,0.0,126,0.5058,158,0.3541,,0,,36.3474262,127.3365151
194,대전호수초등학교,초,서구,도안동,897,0.0,126,0.5022,160,0.3515,,0,,36.3204731,127.3502082
195,갈마중학교,중,서구,갈마1동,63,0.0,126,0.5,162,0.35,,0,,36.3474707,127.3646118
196,대전원앙초등학교,초,서구,관저1동,224,0.0,126,0.4927,166,0.3449,,0,,36.3114556,127.3378
196,대전갑천중학교,중,서구,월평3동,731,0.0,126,0.4927,166,0.3449,,0,,36.3619688,127.3691739
198,흥도초등학교,초,유성구,원신흥동,772,0.0,126,0.492,168,0.3444,Y,0,,36.3341902,127.3387326
198,대전둔천초등학교,초,서구,만년동,194,0.0,126,0.492,168,0.3444,,0,,36.3684922,127.3740023
200,충남여자중학교,중,중구,목동,1006,0.3012,52,0.3622,213,0.3439,,6,용두동3(4_조합설립); 용두동2(2_관리처분); 태평동2(4_조합설립); 선화2(2_관리처분); 오류동1(3_사업시행); 오류동삼성(9_미정),36.3301968,127.4109427
201,대전만년초등학교,초,서구,만년동,159,0.0,126,0.4911,170,0.3438,,0,,36.3671306,127.3773117
202,대전월평초등학교,초,서구,월평1동,110,0.0,126,0.4822,172,0.3375,,0,,36.3557995,127.358104
203,대전성천초등학교,초,서구,월평2동,29,0.0,126,0.4774,173,0.3342,,0,,36.3631631,127.3734766
204,대전문정중학교,중,서구,둔산3동,1215,0.0,126,0.4753,174,0.3327,,0,,36.3549761,127.4008621
205,대전괴정중학교,중,서구,괴정동,555,0.0367,116,0.4512,183,0.3268,,1,내동2(4_조합설립),36.3402017,127.3790856
206,대전성모초등학교,초,중구,대흥동,658,0.2529,62,0.3545,216,0.324,,6,용두동3(4_조합설립); 대사동3(9_미정); 대사동4(9_미정); 대흥동1(4_조합설립); 대흥2(1_공사중); 선화1-A(5_초기),36.32246,127.4193093
207,대전둔원중학교,중,서구,갈마2동,576,0.0367,116,0.4465,188,0.3236,,1,내동2(4_조합설립),36.3425045,127.3765274
208,대전신흥초등학교,초,동구,신인동,1026,0.2935,56,0.3352,218,0.3227,,5,대동4·8(3_사업시행); 대전역복합2(3_사업시행); 신안1(5_초기); 신흥동5(5_초기); 문창동2(4_조합설립),36.3256406,127.4399239
209,대전봉산초등학교,초,서구,갈마1동,368,0.0,126,0.4608,178,0.3226,,0,,36.3451704,127.3659116
210,대전삼천중학교,중,서구,둔산2동,1108,0.0,126,0.4573,180,0.3201,,0,,36.3585826,127.3940265
211,대전둔산중학교,중,서구,갈마1동,541,0.0,126,0.4512,183,0.3158,,0,,36.3533151,127.372252
212,대전갈마초등학교,초,서구,갈마1동,233,0.0,126,0.447,186,0.3129,,0,,36.3559583,127.3693227
213,대전원평초등학교,초,중구,유천2동,257,0.4294,22,0.2604,234,0.3111,,15,문화동5(9_미정); 문화동7(9_미정); 문화2(1_공사중); 태평동2(4_조합설립); 오류동1(3_사업시행); 유천동1(5_초기); 문화동2(9_미정); 문화동6(5_초기); 태평동3(6_입안); 태평동5(2_관리처분); 태평동6(9_미정); 태평동7(9_미정); 태평동8(9_미정); 삼부4(9_미정); 오류동삼성(9_미정),36.3216702,127.3999032
214,대전오류초등학교,초,중구,오류동,249,0.487,15,0.2339,238,0.3098,,11,용두동3(4_조합설립); 문화2(1_공사중); 태평동2(4_조합설립); 오류동1(3_사업시행); 유천동1(5_초기); 문화동2(9_미정); 문화동6(5_초기); 태평동3(6_입안); 태평동5(2_관리처분); 태평동6(9_미정); 오류동삼성(9_미정),36.324966,127.4047562
215,대전도솔초등학교,초,서구,도안동,1141,0.0,126,0.4414,190,0.309,,0,,36.3111845,127.3475014
216,대전봉명초등학교,초,유성구,원신흥동,684,0.0,126,0.4363,192,0.3054,,0,,36.3496096,127.3434709
217,대전탄방중학교,중,서구,둔산1동,1217,0.0,126,0.4361,193,0.3053,,0,,36.350383,127.3943685
218,대전유평초등학교,초,중구,태평1동,215,0.3802,33,0.2712,231,0.3039,,9,용두동2(2_관리처분); 태평동2(4_조합설립); 오류동1(3_사업시행); 가장동1(6_입안); 태평동3(6_입안); 태평동5(2_관리처분); 태평동6(9_미정); 태평동7(9_미정); 태평동8(9_미정),36.3300035,127.3974668
219,대전갑천초등학교,초,서구,월평3동,426,0.0,126,0.4314,194,0.302,,0,,36.3608614,127.3676786
220,대전동산초등학교,초,대덕구,오정동,226,0.1589,85,0.361,214,0.3004,,5,삼성5(4_조합설립); 삼성7(5_초기); 오정동1(9_미정); 홍도동3(6_입안); 홍도동2(3_사업시행),36.3505625,127.4214961
221,대전둔원초등학교,초,서구,,540,0.0,126,0.4271,197,0.299,,0,,36.3436193,127.3742794
222,대전어은초등학교,초,유성구,온천2동,510,0.0,126,0.4229,200,0.296,,0,,36.3648963,127.3536946
223,대전버드내초등학교,초,중구,태평2동,630,0.4852,16,0.2141,241,0.2954,,12,산성동2(3_사업시행); 유천동1(5_초기); 유천동3(4_조합설립); 도마·변동2(4_조합설립); 도마·변동5(3_사업시행); 도마·변동6(2_관리처분); 유천동2(6_입안); 유천동2(중복)(6_입안); 태평동6(9_미정); 태평동7(9_미정); 태평동8(9_미정); 삼부4(9_미정),36.3194287,127.3915009
224,대전탄방초등학교용문분교장,초,서구,용문동,493,0.2856,57,0.2911,226,0.2894,,3,용두동2(2_관리처분); 용문동4(6_입안); 용문동1·2·3(1_공사중),36.3409359,127.3975163
225,대전글꽃초등학교,초,중구,문화1동,770,0.3499,42,0.261,233,0.2877,,10,대사동3(9_미정); 문화동5(9_미정); 문화동7(9_미정); 문화동8(1_공사중); 문화2(1_공사중); 유천동1(5_초기); 문화동2(9_미정); 문화동6(5_초기); 태평동3(6_입안); 오류동삼성(9_미정),36.3186639,127.4097377
226,대전태평초등학교,초,중구,태평2동,415,0.3231,48,0.2597,235,0.2787,,10,태평동2(4_조합설립); 오류동1(3_사업시행); 유천동1(5_초기); 도마·변동2(4_조합설립); 태평동3(6_입안); 태평동5(2_관리처분); 태평동6(9_미정); 태평동7(9_미정); 태평동8(9_미정); 삼부4(9_미정),36.3229254,127.3950265
227,대전선화초등학교,초,중구,은행선화동,701,0.4694,18,0.191,242,0.2745,,7,삼성1(3_사업시행); 삼성3(5_초기); 삼성6(4_조합설립); 선화1-A(5_초기); 선화2(2_관리처분); 은행1(3_사업시행); 삼성동1(3_사업시행),36.3326733,127.4234663
228,서대전초등학교,초,중구,용두동,214,0.1961,77,0.2928,225,0.2638,,7,용두동3(4_조합설립); 태평동2(4_조합설립); 오류동1(3_사업시행); 문화동2(9_미정); 문화동6(5_초기); 태평동3(6_입안); 오류동삼성(9_미정),36.3259585,127.41044
229,대전서원초등학교,초,서구,둔산2동,585,0.0,126,0.3745,210,0.2622,,0,,36.3593773,127.3943323
230,대전용전초등학교,초,동구,용전동,534,0.0942,96,0.315,222,0.2488,,2,송촌동1(6_입안); 홍도동2(3_사업시행),36.3561565,127.4303126
231,대전성룡초등학교,초,서구,월평3동,854,0.0,126,0.3468,217,0.2428,,0,,36.3619376,127.3735199
232,대전목양초등학교,초,중구,목동,602,0.2856,57,0.2191,240,0.239,,4,용두동2(2_관리처분); 용문동4(6_입안); 중촌시영(9_미정); 용문동1·2·3(1_공사중),36.3367275,127.4048004
233,대전중촌초등학교,초,중구,중촌동,262,0.1684,83,0.2663,232,0.2369,,5,삼성3(5_초기); 삼성5(4_조합설립); 삼성7(5_초기); 용문동4(6_입안); 중촌시영(9_미정),36.3412467,127.41106
234,대전문정초등학교,초,서구,둔산3동,460,0.0,126,0.3336,219,0.2335,,0,,36.3505437,127.3958379
235,대전삼천초등학교,초,서구,둔산3동,631,0.0,126,0.3234,220,0.2264,,0,,36.3539594,127.4012153
236,대전동도초등학교,초,대덕구,오정동,73,0.0787,100,0.2885,227,0.2256,,4,삼성5(4_조합설립); 삼성7(5_초기); 오정동1(9_미정); 중촌시영(9_미정),36.3478144,127.4124032
237,대전탄방초등학교,초,서구,탄방동,602,0.1885,78,0.2363,237,0.222,,2,용문동4(6_입안); 용문동1·2·3(1_공사중),36.3456534,127.3911856
238,대전샘머리초등학교,초,서구,둔산2동,700,0.0,126,0.3164,221,0.2215,,0,,36.3632745,127.3933215
239,대전백운초등학교,초,서구,괴정동,664,0.0568,110,0.2847,228,0.2163,,1,내동2(4_조합설립),36.3405387,127.3850093
240,대전목동초등학교,초,중구,목동,640,0.1548,87,0.2225,239,0.2022,,3,용두동3(4_조합설립); 용두동2(2_관리처분); 중촌시영(9_미정),36.3345455,127.4082366
241,대전중앙초등학교,초,중구,은행선화동,1082,0.3,53,0.1564,243,0.1995,,5,용두동3(4_조합설립); 선화1-A(5_초기); 선화2(2_관리처분); 은행1(3_사업시행); 오류동삼성(9_미정),36.3307172,127.4141355
242,대전둔산초등학교,초,서구,둔산2동,407,0.0,126,0.2749,230,0.1924,,0,,36.3499471,127.3814036
243,한밭초등학교,초,서구,둔산1동,1604,0.0,126,0.2396,236,0.1677,,0,,36.3545007,127.3941584
